--
-- INSERT INTO t_account(account_name_owner, account_type, active_status, moniker, totals, totals_balanced) VALUES('amazon_store_brian', 'credit', 'Y', '0000', 0.0, 0.0);
-- INSERT INTO t_account(account_name_owner, account_type, active_status, moniker, totals, totals_balanced) VALUES('amazon_brian', 'credit', 'Y', '0000', 0.0, 0.0);
-- INSERT INTO t_account(account_name_owner, account_type, active_status, moniker, totals, totals_balanced) VALUES('amex_newegg_brian', 'credit', 'Y', '0000', 0.0, 0.0);
-- INSERT INTO t_account(account_name_owner, account_type, active_status, moniker, totals, totals_balanced) VALUES('amex_brian', 'credit', 'Y', '0000', 0.0, 0.0);
-- INSERT INTO t_account(account_name_owner, account_type, active_status, moniker, totals, totals_balanced) VALUES('amex_kari', 'credit', 'Y', '0000', 0.0, 0.0);
-- INSERT INTO t_account(account_name_owner, account_type, active_status, moniker, totals, totals_balanced) VALUES('barclay_cash_brian', 'credit', 'Y', '0000', 0.0, 0.0);
-- INSERT INTO t_account(account_name_owner, account_type, active_status, moniker, totals, totals_balanced) VALUES('barclay_cash_kari', 'credit', 'Y', '0000', 0.0, 0.0);
-- INSERT INTO t_account(account_name_owner, account_type, active_status, moniker, totals, totals_balanced) VALUES('barclays_brian', 'credit', 'Y', '0000', 0.0, 0.0);
-- INSERT INTO t_account(account_name_owner, account_type, active_status, moniker, totals, totals_balanced) VALUES('barclays_kari', 'credit', 'Y', '0000', 0.0, 0.0);
-- INSERT INTO t_account(account_name_owner, account_type, active_status, moniker, totals, totals_balanced) VALUES('bcu_brian', 'credit', 'Y', '0000', 0.0, 0.0);
-- INSERT INTO t_account(account_name_owner, account_type, active_status, moniker, totals, totals_balanced) VALUES('boa_brian', 'credit', 'Y', '0000', 0.0, 0.0);
-- INSERT INTO t_account(account_name_owner, account_type, active_status, moniker, totals, totals_balanced) VALUES('capitalone_brian', 'credit', 'Y', '0000', 0.0, 0.0);
-- INSERT INTO t_account(account_name_owner, account_type, active_status, moniker, totals, totals_balanced) VALUES('capitalone_kari', 'credit', 'Y', '0000', 0.0, 0.0);
-- INSERT INTO t_account(account_name_owner, account_type, active_status, moniker, totals, totals_balanced) VALUES('chase_brian', 'credit', 'Y', '0000', 0.0, 0.0);
-- INSERT INTO t_account(account_name_owner, account_type, active_status, moniker, totals, totals_balanced) VALUES('chase_kari', 'credit', 'Y', '0000', 0.0, 0.0);
-- INSERT INTO t_account(account_name_owner, account_type, active_status, moniker, totals, totals_balanced) VALUES('citi_brian', 'credit', 'Y', '0000', 0.0, 0.0);
-- INSERT INTO t_account(account_name_owner, account_type, active_status, moniker, totals, totals_balanced) VALUES('discoverbank_brian', 'credit', 'Y', '0000', 0.0, 0.0);
-- INSERT INTO t_account(account_name_owner, account_type, active_status, moniker, totals, totals_balanced) VALUES('discoverbank_kari', 'credit', 'Y', '0000', 0.0, 0.0);
-- INSERT INTO t_account(account_name_owner, account_type, active_status, moniker, totals, totals_balanced) VALUES('discoverit_brian', 'credit', 'Y', '0000', 0.0, 0.0);
-- INSERT INTO t_account(account_name_owner, account_type, active_status, moniker, totals, totals_balanced) VALUES('discover_brian', 'credit', 'Y', '0000', 0.0, 0.0);
-- INSERT INTO t_account(account_name_owner, account_type, active_status, moniker, totals, totals_balanced) VALUES('discover_kari', 'credit', 'Y', '0000', 0.0, 0.0);
-- INSERT INTO t_account(account_name_owner, account_type, active_status, moniker, totals, totals_balanced) VALUES('ing_checking_brian', 'credit', 'Y', '0000', 0.0, 0.0);
-- INSERT INTO t_account(account_name_owner, account_type, active_status, moniker, totals, totals_balanced) VALUES('ing_checking_kari', 'credit', 'Y', '0000', 0.0, 0.0);
-- INSERT INTO t_account(account_name_owner, account_type, active_status, moniker, totals, totals_balanced) VALUES('ing_savings_brian', 'credit', 'Y', '0000', 0.0, 0.0);
-- INSERT INTO t_account(account_name_owner, account_type, active_status, moniker, totals, totals_balanced) VALUES('kohls_kari', 'credit', 'Y', '0000', 0.0, 0.0);
-- INSERT INTO t_account(account_name_owner, account_type, active_status, moniker, totals, totals_balanced) VALUES('lowes_brian', 'credit', 'Y', '0000', 0.0, 0.0);
-- INSERT INTO t_account(account_name_owner, account_type, active_status, moniker, totals, totals_balanced) VALUES('medical_brian', 'credit', 'Y', '0000', 0.0, 0.0);
-- INSERT INTO t_account(account_name_owner, account_type, active_status, moniker, totals, totals_balanced) VALUES('menards_brian', 'credit', 'Y', '0000', 0.0, 0.0);
-- INSERT INTO t_account(account_name_owner, account_type, active_status, moniker, totals, totals_balanced) VALUES('mlb2_brian', 'credit', 'Y', '0000', 0.0, 0.0);
-- INSERT INTO t_account(account_name_owner, account_type, active_status, moniker, totals, totals_balanced) VALUES('mlb_brian', 'credit', 'Y', '0000', 0.0, 0.0);
-- INSERT INTO t_account(account_name_owner, account_type, active_status, moniker, totals, totals_balanced) VALUES('gap_kari', 'credit', 'Y', '0000', 0.0, 0.0);
-- INSERT INTO t_account(account_name_owner, account_type, active_status, moniker, totals, totals_balanced) VALUES('rakuten_brian', 'credit', 'Y', '0000', 0.0, 0.0);
-- INSERT INTO t_account(account_name_owner, account_type, active_status, moniker, totals, totals_balanced) VALUES('rcard_brian', 'credit', 'Y', '0000', 0.0, 0.0);
-- INSERT INTO t_account(account_name_owner, account_type, active_status, moniker, totals, totals_balanced) VALUES('scottrade_brian', 'credit', 'Y', '0000', 0.0, 0.0);
-- INSERT INTO t_account(account_name_owner, account_type, active_status, moniker, totals, totals_balanced) VALUES('suzan_brian', 'credit', 'Y', '0000', 0.0, 0.0);
-- INSERT INTO t_account(account_name_owner, account_type, active_status, moniker, totals, totals_balanced) VALUES('targetcu_checking_brian', 'credit', 'Y', '0000', 0.0, 0.0);
-- INSERT INTO t_account(account_name_owner, account_type, active_status, moniker, totals, totals_balanced) VALUES('targetcu_rainy_brian', 'credit', 'Y', '0000', 0.0, 0.0);
-- INSERT INTO t_account(account_name_owner, account_type, active_status, moniker, totals, totals_balanced) VALUES('targetcu_savings_brian', 'credit', 'Y', '0000', 0.0, 0.0);
-- INSERT INTO t_account(account_name_owner, account_type, active_status, moniker, totals, totals_balanced) VALUES('tcf_checking_brian', 'credit', 'Y', '0000', 0.0, 0.0);
-- INSERT INTO t_account(account_name_owner, account_type, active_status, moniker, totals, totals_balanced) VALUES('tcf_savings_brian', 'credit', 'Y', '0000', 0.0, 0.0);
-- INSERT INTO t_account(account_name_owner, account_type, active_status, moniker, totals, totals_balanced) VALUES('usbank_checking_brian', 'credit', 'Y', '0000', 0.0, 0.0);
-- INSERT INTO t_account(account_name_owner, account_type, active_status, moniker, totals, totals_balanced) VALUES('usbank_savings_brian', 'credit', 'Y', '0000', 0.0, 0.0);
-- INSERT INTO t_account(account_name_owner, account_type, active_status, moniker, totals, totals_balanced) VALUES('usbankcash_brian', 'credit', 'Y', '0000', 0.0, 0.0);
-- INSERT INTO t_account(account_name_owner, account_type, active_status, moniker, totals, totals_balanced) VALUES('usbankcash_kari', 'credit', 'Y', '0000', 0.0, 0.0);
-- INSERT INTO t_account(account_name_owner, account_type, active_status, moniker, totals, totals_balanced) VALUES('wfargo_checking_brian', 'credit', 'Y', '0000', 0.0, 0.0);
-- INSERT INTO t_account(account_name_owner, account_type, active_status, moniker, totals, totals_balanced) VALUES('wfargocash_brian', 'credit', 'Y', '0000', 0.0, 0.0);
-- INSERT INTO t_account(account_name_owner, account_type, active_status, moniker, totals, totals_balanced) VALUES('wfargocash_kari', 'credit', 'Y', '0000', 0.0, 0.0);
-- INSERT INTO t_account(account_name_owner, account_type, active_status, moniker, totals, totals_balanced) VALUES('amazongift_brian', 'credit', 'Y', '0000', 0.0, 0.0);
-- INSERT INTO t_account(account_name_owner, account_type, active_status, moniker, totals, totals_balanced) VALUES('firstnational_kari', 'credit', 'Y', '0000', 0.0, 0.0);
-- INSERT INTO t_account(account_name_owner, account_type, active_status, moniker, totals, totals_balanced) VALUES('fidelity_brian', 'credit', 'Y', '0000', 0.0, 0.0);
-- INSERT INTO t_account(account_name_owner, account_type, active_status, moniker, totals, totals_balanced) VALUES('hsbc_brian', 'credit', 'Y', '0000', 0.0, 0.0);
-- INSERT INTO t_account(account_name_owner, account_type, active_status, moniker, totals, totals_balanced) VALUES('goodyear_kari', 'credit', 'Y', '0000', 0.0, 0.0);
--
-- INSERT INTO t_category(category) VALUES('online');
-- INSERT INTO t_category(category) VALUES('fuel');
-- INSERT INTO t_category(category) VALUES('payment');
-- INSERT INTO t_category(category) VALUES('restaurant');
--
-- UPDATE t_account set date_added = CURRENT_TIMESTAMP, date_updated = CURRENT_TIMESTAMP, date_closed = CURRENT_TIMESTAMP;
--
-- INSERT INTO t_transaction(guid, account_type, account_name_owner, transaction_date, description, category, amount, cleared, notes, date_updated, date_added, reoccurring, account_id) VALUES(random_uuid(), 'credit', 'chase_brian', '2017-10-01', 'Mario Kart', 'toys', '49.99', 1, 'my notes today', CURRENT_TIMESTAMP, CURRENT_TIMESTAMP, false, select account_id from t_account WHERE account_name_owner='chase_brian');
-- INSERT INTO t_transaction(guid, account_type, account_name_owner, transaction_date, description, category, amount, cleared, notes, date_updated, date_added, reoccurring, account_id) VALUES(random_uuid(), 'credit', 'chase_brian', '2018-10-11', 'Chipotle', 'restaurant', '6.99', 1, 'my food', CURRENT_TIMESTAMP, CURRENT_TIMESTAMP, false, select account_id from t_account WHERE account_name_owner='chase_brian');
-- INSERT INTO t_transaction(guid, account_type, account_name_owner, transaction_date, description, category, amount, cleared, notes, date_updated, date_added, reoccurring, account_id) VALUES(random_uuid(), 'credit', 'chase_brian', '2018-11-12', 'Chipotle', 'restaurant', '6.99', 1, 'food', CURRENT_TIMESTAMP, CURRENT_TIMESTAMP, false, select account_id from t_account WHERE account_name_owner='chase_brian');
-- INSERT INTO t_transaction(guid, account_type, account_name_owner, transaction_date, description, category, amount, cleared, notes, date_updated, date_added, reoccurring, account_id) VALUES(random_uuid(), 'credit', 'chase_brian', CURRENT_TIMESTAMP, 'Jimmy Johns', 'restaurant', '7.99', 1, 'good notes', CURRENT_TIMESTAMP, CURRENT_TIMESTAMP, false, select account_id from t_account WHERE account_name_owner='chase_brian');
-- INSERT INTO t_transaction(guid, account_type, account_name_owner, transaction_date, description, category, amount, cleared, notes, date_updated, date_added, reoccurring, account_id) VALUES(random_uuid(), 'credit', 'rcard_brian', DATEADD('DAY',-17, CURRENT_DATE), 'target.com', 'online', '8.25', 1, 'my notes', CURRENT_TIMESTAMP, CURRENT_TIMESTAMP, false, select account_id from t_account WHERE account_name_owner='rcard_brian');
-- INSERT INTO t_transaction(guid, account_type, account_name_owner, transaction_date, description, category, amount, cleared, notes, date_updated, date_added, reoccurring, account_id) VALUES(random_uuid(), 'credit', 'rcard_brian', DATEADD('DAY',-15, CURRENT_DATE), 'target.com', 'online', '18.24', 1, 'my notes', CURRENT_TIMESTAMP, CURRENT_TIMESTAMP, false, select account_id from t_account WHERE account_name_owner='rcard_brian');
-- INSERT INTO t_transaction(guid, account_type, account_name_owner, transaction_date, description, category, amount, cleared, notes, date_updated, date_added, reoccurring, account_id) VALUES(random_uuid(), 'credit', 'discover_brian', DATEADD('DAY',-3, CURRENT_DATE), 'Olive Garden', 'restaurant', '7.55', 1, 'my notes', CURRENT_TIMESTAMP, CURRENT_TIMESTAMP, false, select account_id from t_account WHERE account_name_owner='discover_brian');
-- INSERT INTO t_transaction(guid, account_type, account_name_owner, transaction_date, description, category, amount, cleared, notes, date_updated, date_added, reoccurring, account_id) VALUES(random_uuid(), 'credit', 'discover_brian', DATEADD('DAY',-4, CURRENT_DATE), 'Pizza Place', 'restaurant', '17.07', 1, 'empty', CURRENT_TIMESTAMP, CURRENT_TIMESTAMP, false, select account_id from t_account WHERE account_name_owner='discover_brian');
-- INSERT INTO t_transaction(guid, account_type, account_name_owner, transaction_date, description, category, amount, cleared, notes, date_updated, date_added, reoccurring, account_id) VALUES(random_uuid(), 'credit', 'discover_brian', DATEADD('DAY',-14, CURRENT_DATE), 'Pizza Place', 'restaurant', '17.87', 1, 'empty', CURRENT_TIMESTAMP, CURRENT_TIMESTAMP, false, select account_id from t_account WHERE account_name_owner='discover_brian');
-- INSERT INTO t_transaction(guid, account_type, account_name_owner, transaction_date, description, category, amount, cleared, notes, date_updated, date_added, reoccurring, account_id) VALUES(random_uuid(), 'credit', 'discover_brian', DATEADD('DAY',-12, CURRENT_DATE), 'ebay.com', 'online', '46.27', 1, '', CURRENT_TIMESTAMP, CURRENT_TIMESTAMP, false, select account_id from t_account WHERE account_name_owner='discover_brian');
-- INSERT INTO t_transaction(guid, account_type, account_name_owner, transaction_date, description, category, amount, cleared, notes, date_updated, date_added, reoccurring, account_id) VALUES(random_uuid(), 'credit', 'discover_brian', DATEADD('DAY',-4, CURRENT_DATE), 'ebay.com', 'online', '14.57', 1, 'misc', CURRENT_TIMESTAMP, CURRENT_TIMESTAMP, false, select account_id from t_account WHERE account_name_owner='discover_brian');
-- INSERT INTO t_transaction(guid, account_type, account_name_owner, transaction_date, description, category, amount, cleared, notes, date_updated, date_added, reoccurring, account_id) VALUES(random_uuid(), 'credit', 'amex_brian', DATEADD('DAY',-2, CURRENT_DATE), 'aliexpress.com', 'online', '10.29', 1, 'boards', CURRENT_TIMESTAMP, CURRENT_TIMESTAMP, false, select account_id from t_account WHERE account_name_owner='amex_brian');
-- INSERT INTO t_transaction(guid, account_type, account_name_owner, transaction_date, description, category, amount, cleared, notes, date_updated, date_added, reoccurring, account_id) VALUES(random_uuid(), 'credit', 'amex_brian', DATEADD('DAY',-7, CURRENT_DATE), 'aliexpress.com', 'online', '2.55', 1, 'esp32', CURRENT_TIMESTAMP, CURRENT_TIMESTAMP, false, select account_id from t_account WHERE account_name_owner='amex_brian');
-- INSERT INTO t_transaction(guid, account_type, account_name_owner, transaction_date, description, category, amount, cleared, notes, date_updated, date_added, reoccurring, account_id) VALUES(random_uuid(), 'credit', 'amex_brian', DATEADD('DAY',-9, CURRENT_DATE), 'Batteries Plus', 'automotive', '100.29', 1, '', CURRENT_TIMESTAMP, CURRENT_TIMESTAMP, false, select account_id from t_account WHERE account_name_owner='amex_brian');
--
-- --CREATE INDEX secondary_index ON t_transaction_categories(transaction_id, category_id);
-- --ALTER TABLE t_transaction_categories ADD CONSTRAINT transaction_categories_constraint UNIQUE(transaction_id, category_id);
--
-- INSERT INTO t_transaction_categories(transaction_id, category_id) SELECT transaction_id, category_id from t_transaction t, t_category c where t.category = c.category;
select *
from t_transaction_categories;


-- INSERT INTO t_account(account_id, account_name_owner, account_type, active_status) VALUES(1001, 'test_brian', 'credit', 'Y');
-- INSERT INTO t_transaction(guid, account_type, account_name_owner, transaction_date, description, category, amount, cleared, account_id) VALUES('340c315d-39ad-4a02-a294-84a74c1c7ddc', 'credit', 'test_brian', DATEADD('DAY',-9, CURRENT_DATE), 'Batteries Plus', 'automotive', '100.29', 1, 1001);
